-- Seed: MacBook Repair Products, Symptoms, Prices
-- Run after schema migration. Safe to re-run (INSERT OR IGNORE).

-- ============================================================
-- Products
-- ============================================================
INSERT OR IGNORE INTO repair_products (id, name, sort_order) VALUES
  ('prod-air-0001-0000-0000-000000000001', 'MacBook Air', 1),
  ('prod-pro-0001-0000-0000-000000000002', 'MacBook Pro', 2),
  ('prod-oth-0001-0000-0000-000000000003', 'その他',      3);

-- ============================================================
-- Symptoms (MacBook Air)
-- ============================================================
INSERT OR IGNORE INTO repair_symptoms (id, product_id, name, sort_order) VALUES
  ('symp-air-001-0000-0000-000000000001', 'prod-air-0001-0000-0000-000000000001', '画面割れ・液晶不良',       1),
  ('symp-air-002-0000-0000-000000000002', 'prod-air-0001-0000-0000-000000000001', 'バッテリー劣化',           2),
  ('symp-air-003-0000-0000-000000000003', 'prod-air-0001-0000-0000-000000000001', '充電できない',             3),
  ('symp-air-004-0000-0000-000000000004', 'prod-air-0001-0000-0000-000000000001', '電源がつかない',           4),
  ('symp-air-005-0000-0000-000000000005', 'prod-air-0001-0000-0000-000000000001', 'キーボード故障',           5),
  ('symp-air-006-0000-0000-000000000006', 'prod-air-0001-0000-0000-000000000001', '水没・飲み物こぼした',     6),
  ('symp-air-007-0000-0000-000000000007', 'prod-air-0001-0000-0000-000000000001', '異音がする',               7),
  ('symp-air-008-0000-0000-000000000008', 'prod-air-0001-0000-0000-000000000001', 'その他故障',               8);

-- ============================================================
-- Symptoms (MacBook Pro)
-- ============================================================
INSERT OR IGNORE INTO repair_symptoms (id, product_id, name, sort_order) VALUES
  ('symp-pro-001-0000-0000-000000000001', 'prod-pro-0001-0000-0000-000000000002', '画面割れ・液晶不良',       1),
  ('symp-pro-002-0000-0000-000000000002', 'prod-pro-0001-0000-0000-000000000002', 'バッテリー劣化',           2),
  ('symp-pro-003-0000-0000-000000000003', 'prod-pro-0001-0000-0000-000000000002', '充電できない',             3),
  ('symp-pro-004-0000-0000-000000000004', 'prod-pro-0001-0000-0000-000000000002', '電源がつかない',           4),
  ('symp-pro-005-0000-0000-000000000005', 'prod-pro-0001-0000-0000-000000000002', 'キーボード故障',           5),
  ('symp-pro-006-0000-0000-000000000006', 'prod-pro-0001-0000-0000-000000000002', '水没・飲み物こぼした',     6),
  ('symp-pro-007-0000-0000-000000000007', 'prod-pro-0001-0000-0000-000000000002', '異音がする',               7),
  ('symp-pro-008-0000-0000-000000000008', 'prod-pro-0001-0000-0000-000000000002', 'その他故障',               8);

-- ============================================================
-- Symptoms (その他)
-- ============================================================
INSERT OR IGNORE INTO repair_symptoms (id, product_id, name, sort_order) VALUES
  ('symp-oth-001-0000-0000-000000000001', 'prod-oth-0001-0000-0000-000000000003', 'その他故障', 1);

-- ============================================================
-- Prices (MacBook Air)
-- ============================================================
INSERT OR IGNORE INTO repair_prices (id, product_id, symptom_id, price_from, price_to, delivery_days_from, delivery_days_to) VALUES
  ('price-air-001', 'prod-air-0001-0000-0000-000000000001', 'symp-air-001-0000-0000-000000000001', 15000, NULL, 3, 7),
  ('price-air-002', 'prod-air-0001-0000-0000-000000000001', 'symp-air-002-0000-0000-000000000002', 12000, NULL, 1, 3),
  ('price-air-003', 'prod-air-0001-0000-0000-000000000001', 'symp-air-003-0000-0000-000000000003',  8000, NULL, 1, 3),
  ('price-air-004', 'prod-air-0001-0000-0000-000000000001', 'symp-air-004-0000-0000-000000000004', 10000, NULL, 3, 7),
  ('price-air-005', 'prod-air-0001-0000-0000-000000000001', 'symp-air-005-0000-0000-000000000005', 15000, NULL, 3, 7),
  ('price-air-006', 'prod-air-0001-0000-0000-000000000001', 'symp-air-006-0000-0000-000000000006', 10000, NULL, 7, 14),
  ('price-air-007', 'prod-air-0001-0000-0000-000000000001', 'symp-air-007-0000-0000-000000000007',  8000, NULL, 1, 3),
  ('price-air-008', 'prod-air-0001-0000-0000-000000000001', 'symp-air-008-0000-0000-000000000008',  8000, NULL, 3, 7);

-- ============================================================
-- Prices (MacBook Pro)
-- ============================================================
INSERT OR IGNORE INTO repair_prices (id, product_id, symptom_id, price_from, price_to, delivery_days_from, delivery_days_to) VALUES
  ('price-pro-001', 'prod-pro-0001-0000-0000-000000000002', 'symp-pro-001-0000-0000-000000000001', 15000, NULL, 3, 7),
  ('price-pro-002', 'prod-pro-0001-0000-0000-000000000002', 'symp-pro-002-0000-0000-000000000002', 12000, NULL, 1, 3),
  ('price-pro-003', 'prod-pro-0001-0000-0000-000000000002', 'symp-pro-003-0000-0000-000000000003',  8000, NULL, 1, 3),
  ('price-pro-004', 'prod-pro-0001-0000-0000-000000000002', 'symp-pro-004-0000-0000-000000000004', 10000, NULL, 3, 7),
  ('price-pro-005', 'prod-pro-0001-0000-0000-000000000002', 'symp-pro-005-0000-0000-000000000005', 15000, NULL, 3, 7),
  ('price-pro-006', 'prod-pro-0001-0000-0000-000000000002', 'symp-pro-006-0000-0000-000000000006', 10000, NULL, 7, 14),
  ('price-pro-007', 'prod-pro-0001-0000-0000-000000000002', 'symp-pro-007-0000-0000-000000000007',  8000, NULL, 1, 3),
  ('price-pro-008', 'prod-pro-0001-0000-0000-000000000002', 'symp-pro-008-0000-0000-000000000008',  8000, NULL, 3, 7);

-- ============================================================
-- Prices (その他)
-- ============================================================
INSERT OR IGNORE INTO repair_prices (id, product_id, symptom_id, price_from, price_to, delivery_days_from, delivery_days_to) VALUES
  ('price-oth-001', 'prod-oth-0001-0000-0000-000000000003', 'symp-oth-001-0000-0000-000000000001', 8000, NULL, 3, 7);
